asset_id,original_inventory_sector,min_start,max_end,inflated_extrap_emissions,baseline_emissions,inflated_over_baseline_pct
1566424,iron-and-steel,2021-01-01 00:00:00,2024-08-31 00:00:00,3025.334022791837,100357.32730020919,3.01456216917958
1566473,iron-and-steel,2023-07-01 00:00:00,2026-02-28 00:00:00,24656.78010352135,174764.79617285394,14.108550831446719
1566477,iron-and-steel,2021-01-01 00:00:00,2024-09-30 00:00:00,124065.6634561548,5667421.646708075,2.189102402998697
1566542,iron-and-steel,2021-01-01 00:00:00,2023-08-31 00:00:00,2106271.360748678,9421077.03332525,22.35701240206558
1566555,iron-and-steel,2021-01-01 00:00:00,2025-06-30 00:00:00,165351.52280084553,10787031.687490908,1.5328732462387595
1566559,iron-and-steel,2021-01-01 00:00:00,2025-06-30 00:00:00,40631.783135295016,6053281.824133307,0.6712356093070649
1566564,iron-and-steel,2021-01-01 00:00:00,2022-06-30 00:00:00,74019.90187730348,161665.58884913565,45.78581156586016
1566566,iron-and-steel,2023-07-01 00:00:00,2026-02-28 00:00:00,164631.53027034993,988992.3674356439,16.646390375814796
1566578,iron-and-steel,2021-01-01 00:00:00,2022-06-30 00:00:00,530334.2479174926,1549390.422538648,34.22857403807554
1566580,iron-and-steel,2021-01-01 00:00:00,2024-10-31 00:00:00,272396.27099859196,6057150.515878243,4.497102561419451
1566620,iron-and-steel,2021-01-01 00:00:00,2023-06-30 00:00:00,1571706.4983364583,9214743.30081981,17.056432795003936
1566669,iron-and-steel,2021-01-01 00:00:00,2023-12-31 00:00:00,145329.69804280548,3960428.5830139024,3.669544722157544
1566670,iron-and-steel,2022-07-01 00:00:00,2026-02-28 00:00:00,1158235.7852096753,16538340.518949572,7.003337389761523
1566697,iron-and-steel,2022-07-01 00:00:00,2026-02-28 00:00:00,346768.95760943816,11640587.533093572,2.978964391819506
1566698,iron-and-steel,2022-07-01 00:00:00,2026-02-28 00:00:00,980434.3021871285,9994672.949930286,9.809568628195754
1566702,iron-and-steel,2022-07-01 00:00:00,2026-02-28 00:00:00,2246381.006005221,33593936.50849224,6.686864474597541
1566716,iron-and-steel,2022-07-01 00:00:00,2026-02-28 00:00:00,590986.2949775619,6032773.924223295,9.796261262245956
1566739,iron-and-steel,2022-07-01 00:00:00,2026-02-28 00:00:00,17894.927594773453,365545.64504298114,4.895401665274758
1566770,iron-and-steel,2021-01-01 00:00:00,2025-07-31 00:00:00,201747.2263784897,17272666.038860306,1.168014398730316
1566812,iron-and-steel,2023-07-01 00:00:00,2026-02-28 00:00:00,23434.598129321796,119459.64211793573,19.61716753360616
1566825,iron-and-steel,2021-01-01 00:00:00,2024-06-30 00:00:00,397966.98249336274,21242449.616028793,1.8734514601040695
1566871,iron-and-steel,2022-07-01 00:00:00,2026-02-28 00:00:00,75990.76461769117,1646215.7721139437,4.616087751371114
1566880,iron-and-steel,2022-07-01 00:00:00,2026-02-28 00:00:00,209875.00464282563,3141049.8603382595,6.681683321646611
1566887,iron-and-steel,2023-07-01 00:00:00,2026-02-28 00:00:00,362076.4432461766,1715045.8624977756,21.11176448184611
1566949,iron-and-steel,2021-01-01 00:00:00,2024-06-30 00:00:00,317682.5975425622,4669389.278937626,6.803514947351766
1566965,iron-and-steel,2021-01-01 00:00:00,2022-06-30 00:00:00,67581.79571774525,206672.29301257056,32.69997866314604
1567007,iron-and-steel,2023-07-01 00:00:00,2026-02-28 00:00:00,15201.202799551722,71857.77787885853,21.154568438198407
1567086,iron-and-steel,2022-07-01 00:00:00,2026-02-28 00:00:00,32676.544097593323,779035.4735522283,4.194487312444908
1567100,iron-and-steel,2024-07-01 00:00:00,2026-02-28 00:00:00,251642.87259003636,501969.16440008325,50.131141599261674
1567106,iron-and-steel,2021-01-01 00:00:00,2025-07-31 00:00:00,34041.3196038438,653475.2685730869,5.209274358335798
1567134,iron-and-steel,2022-07-01 00:00:00,2026-02-28 00:00:00,45025.48821029771,664356.5661313627,6.777307624501578
1567139,iron-and-steel,2022-07-01 00:00:00,2026-02-28 00:00:00,67197.2637653958,1563764.9835874788,4.297145956756021
1567145,iron-and-steel,2021-01-01 00:00:00,2023-11-30 00:00:00,1112611.7666970366,11003945.93647942,10.111025382345739
1567184,iron-and-steel,2021-01-01 00:00:00,2025-09-30 00:00:00,310941.73551040876,11397339.705374151,2.7281957329374977
1567187,iron-and-steel,2021-01-01 00:00:00,2025-07-31 00:00:00,165356.44418300886,4871108.580214978,3.39463679488974
1567189,iron-and-steel,2022-07-01 00:00:00,2026-02-28 00:00:00,79964.03991872625,642946.6414314568,12.437119158239051
1567193,iron-and-steel,2023-07-01 00:00:00,2026-02-28 00:00:00,26709.864867791708,143288.3403852363,18.640640819749322
1567201,iron-and-steel,2022-07-01 00:00:00,2026-02-28 00:00:00,170871.95598393626,2577276.255175154,6.629943361361688
1567203,iron-and-steel,2022-07-01 00:00:00,2026-02-28 00:00:00,112384.28095345844,2094033.2402255062,5.366881422634713
1567206,iron-and-steel,2023-07-01 00:00:00,2026-02-28 00:00:00,1758022.348065745,12706036.311770752,13.836119344607335
1567212,iron-and-steel,2024-07-01 00:00:00,2026-02-28 00:00:00,1785635.7003787733,3130809.2820409504,57.03431731283009
1567213,iron-and-steel,2023-07-01 00:00:00,2026-02-28 00:00:00,388881.19834675,3319047.6944851703,11.716649899093143
1567214,iron-and-steel,2023-07-01 00:00:00,2026-02-28 00:00:00,93292.66064784548,492152.01759164344,18.95606587256822
1567216,iron-and-steel,2023-07-01 00:00:00,2026-02-28 00:00:00,236468.97701592237,1440979.3353433101,16.410296193427655
1567217,iron-and-steel,2023-07-01 00:00:00,2026-02-28 00:00:00,1275869.8810147152,9602468.57455698,13.286894626193336
1567218,iron-and-steel,2022-07-01 00:00:00,2026-02-28 00:00:00,1240544.5351329586,14524756.709736466,8.540897172490173
1567219,iron-and-steel,2023-07-01 00:00:00,2026-02-28 00:00:00,1380838.5643315816,16082190.263282154,8.58613498364228
1567220,iron-and-steel,2023-07-01 00:00:00,2026-02-28 00:00:00,166548.92324341583,988992.3674356441,16.8402637600996
1567241,iron-and-steel,2023-07-01 00:00:00,2026-02-28 00:00:00,79584.62156148991,721912.8826396364,11.024130954761874
1567255,iron-and-steel,2021-01-01 00:00:00,2023-06-30 00:00:00,77877.39134243804,589498.9229021854,13.210777546299285
1567256,iron-and-steel,2021-01-01 00:00:00,2023-06-30 00:00:00,1208839.6880949081,7487065.94208668,16.145706441554314
1567257,iron-and-steel,2021-01-01 00:00:00,2023-06-30 00:00:00,1089834.6594914824,5061424.2754523065,21.532173557888328
1567263,iron-and-steel,2021-01-01 00:00:00,2023-06-30 00:00:00,1396369.0691579415,5101582.392563976,27.37129309512432
1567268,iron-and-steel,2021-01-01 00:00:00,2023-08-31 00:00:00,87400.45560253205,609908.0281699435,14.330104141239303
1567271,iron-and-steel,2021-01-01 00:00:00,2023-09-30 00:00:00,2268244.5714846295,10300055.056724077,22.021674243419458
1567273,iron-and-steel,2021-01-01 00:00:00,2025-07-31 00:00:00,9269.107935483127,551921.1300759488,1.6794261771075196
1567274,iron-and-steel,2021-01-01 00:00:00,2023-06-30 00:00:00,29707.0011460175,222637.43116761534,13.343219507258963
1567281,iron-and-steel,2021-01-01 00:00:00,2022-06-30 00:00:00,1707647.5094514077,4037818.005654717,42.29134416310869
1567282,iron-and-steel,2021-01-01 00:00:00,2022-06-30 00:00:00,103960.3556587962,242678.47601992814,42.83872116052815
1567285,iron-and-steel,2021-01-01 00:00:00,2022-06-30 00:00:00,2561911.070648806,5701393.264824908,44.934824728802205
1567286,iron-and-steel,2021-01-01 00:00:00,2022-06-30 00:00:00,2967960.645800015,6650801.082904375,44.62561139332586
1567290,iron-and-steel,2021-01-01 00:00:00,2025-07-31 00:00:00,141942.3855699636,10841180.57349919,1.3092890078497152
1567291,iron-and-steel,2021-01-01 00:00:00,2025-07-31 00:00:00,119313.42346257035,3071697.398003276,3.884283117865997
1567292,iron-and-steel,2021-01-01 00:00:00,2022-06-30 00:00:00,4722875.814766509,9615137.826287467,49.11916916941455
1567294,iron-and-steel,2021-01-01 00:00:00,2022-06-30 00:00:00,1621058.8006129155,4147349.513251229,39.0866213574105
1567295,iron-and-steel,2021-01-01 00:00:00,2022-10-31 00:00:00,1229992.5425536837,5264023.703324444,23.366014514275342
1567296,iron-and-steel,2021-01-01 00:00:00,2022-06-30 00:00:00,467066.92638022074,1620602.4632346057,28.82057364321098
1567297,iron-and-steel,2021-01-01 00:00:00,2022-06-30 00:00:00,2530284.9547855477,6250895.2153334785,40.47876132331807
1567299,iron-and-steel,2021-01-01 00:00:00,2022-07-31 00:00:00,1829052.3576526851,8665270.613813158,21.107850396928452
1567300,iron-and-steel,2021-01-01 00:00:00,2023-06-30 00:00:00,3595859.1068104175,15858772.470567817,22.67425876425144
1567301,iron-and-steel,2021-01-01 00:00:00,2022-06-30 00:00:00,557409.6240595866,1989301.3648820384,28.02037106593147
1567303,iron-and-steel,2021-01-01 00:00:00,2022-12-31 00:00:00,4394147.098439436,18568511.846336156,23.66450868439663
1567305,iron-and-steel,2021-01-01 00:00:00,2022-06-30 00:00:00,68103.30048554999,174700.3183675098,38.982928664322124
1567313,iron-and-steel,2021-01-01 00:00:00,2025-07-31 00:00:00,325242.83109492034,16872409.423866186,1.9276608510629265
1567317,iron-and-steel,2021-01-01 00:00:00,2022-06-30 00:00:00,2078470.743653137,6221024.269876846,33.41042653888061
1567318,iron-and-steel,2021-01-01 00:00:00,2022-06-30 00:00:00,1968258.1947264606,4079626.912839922,48.2460341785595
1567327,iron-and-steel,2021-01-01 00:00:00,2022-12-31 00:00:00,972054.3937108659,5521668.928350753,17.604358506898116
1929004,domestic-shipping,2022-10-01 00:00:00,2026-02-28 23:59:59,65.85362995122577,631.7986521441494,10.423198866875833
1929006,domestic-shipping,2023-03-01 00:00:00,2026-02-28 23:59:59,56.56762463081364,312.92759824789755,18.076904992573215
1929327,domestic-shipping,2023-12-01 00:00:00,2026-02-28 23:59:59,922.1840614590842,3304.7446049724385,27.904851106240784
1930766,domestic-shipping,2021-05-01 00:00:00,2026-02-28 23:59:59,67.8956484605477,2334.669806491201,2.908147793395622
1930922,domestic-shipping,2022-05-01 00:00:00,2026-02-28 23:59:59,1906.6787495486772,6912.672714906,27.58236688158619
1930924,domestic-shipping,2023-10-01 00:00:00,2026-02-28 23:59:59,16.872007213069793,477.11749022236125,3.5362374171625044
1930926,domestic-shipping,2022-03-01 00:00:00,2026-02-28 23:59:59,467.3128422260735,22753.771779616414,2.053781881756887
1931300,domestic-shipping,2022-01-01 00:00:00,2026-02-28 23:59:59,36.69878148055868,681.413413885442,5.3856852143988485
1931368,domestic-shipping,2023-02-01 00:00:00,2026-02-28 23:59:59,72.91930276909412,766.3740222638673,9.514845317132572
1932444,domestic-shipping,2025-02-01 00:00:00,2026-02-28 23:59:59,0.20083530069186956,317.1720213346041,0.06332062325257755
1932618,domestic-shipping,2022-04-01 00:00:00,2026-02-28 23:59:59,163.21005243653195,1909.2980043814305,8.548170692160145
1932980,domestic-shipping,2021-12-01 00:00:00,2026-02-28 23:59:59,807.5155063046295,6841.174202082528,11.80375594088531
1933174,domestic-shipping,2024-11-01 00:00:00,2026-02-28 23:59:59,0.3284078966111338,8.343448301429492,3.936117115448145
1933320,domestic-shipping,2024-07-01 00:00:00,2026-02-28 23:59:59,453.55804161787177,1223.9574833021393,37.056682752917894
1933484,domestic-shipping,2021-10-01 00:00:00,2026-02-28 23:59:59,9.54399324540186,1987.0583151668304,0.4803076574328197
1933545,domestic-shipping,2023-10-01 00:00:00,2026-02-28 23:59:59,1131.7204893490032,7429.869627989607,15.232036980643858
1933773,domestic-shipping,2022-07-01 00:00:00,2026-02-28 23:59:59,2.1436629782801906,17.58402020272593,12.190971993696147
1934230,domestic-shipping,2022-06-01 00:00:00,2026-02-28 23:59:59,26.248924762412152,172.20899079426792,15.242482196397532
1934409,domestic-shipping,2023-06-01 00:00:00,2026-02-28 23:59:59,156.60487944095507,1155.2413796065996,13.556030991054403
1963981,domestic-shipping,2022-03-01 00:00:00,2026-02-28 23:59:59,106.42878996385261,300.3074797032502,35.4399397807276
1968065,domestic-shipping,2022-11-01 00:00:00,2026-02-28 23:59:59,304.7954878943657,685.1634239397268,44.485078631573046
1969530,domestic-shipping,2021-08-01 00:00:00,2026-02-28 23:59:59,32.94494212086823,645.6167654943329,5.102863475926481
1971030,domestic-shipping,2023-01-01 00:00:00,2026-02-28 23:59:59,143.89864745418305,143.89864745418305,100
1974204,domestic-shipping,2024-08-01 00:00:00,2026-02-28 23:59:59,30.177466221678685,107.0040397278844,28.202174701460994
1978165,domestic-shipping,2021-10-01 00:00:00,2026-02-28 23:59:59,6.971885975165772,83.44769435046403,8.354797612364472
1981484,domestic-shipping,2025-02-01 00:00:00,2026-02-28 23:59:59,69.41004511403735,127.0251605709374,54.642753295537226
1989950,domestic-shipping,2023-09-01 00:00:00,2026-02-28 23:59:59,233.4893016963032,291.4186684075959,80.1216006414973
1998940,domestic-shipping,2022-05-01 00:00:00,2026-02-28 23:59:59,169.01086008396524,713.8872892351354,23.674726057252656
2000426,domestic-shipping,2023-10-01 00:00:00,2026-02-28 23:59:59,642.0112913449104,3346.8964271650707,19.182287391209016
2001596,domestic-shipping,2022-02-01 00:00:00,2026-02-28 23:59:59,2068.4479676522315,1034.2648519638108,199.99209716203399
2023265,domestic-shipping,2022-12-01 00:00:00,2026-02-28 23:59:59,140.73180199146438,580.2523487027152,24.253551460171085
2023617,domestic-shipping,2022-01-01 00:00:00,2026-02-28 23:59:59,150.63350291088216,255.77283019181945,58.89347308621992
2095177,domestic-shipping,2021-06-01 00:00:00,2026-02-28 23:59:59,18.5895979151,191.59113181452852,9.7027444532745
2787811,international-shipping,2023-12-01 00:00:00,2026-02-28 23:59:59,9.622576796447381,106.33585657026129,9.04923052939276
2791077,international-shipping,2023-01-01 00:00:00,2026-02-28 23:59:59,235.23107842986934,1424.8276283460002,16.509441124673828
2793188,international-shipping,2022-11-01 00:00:00,2026-02-28 23:59:59,94.78433218502893,350.42877226265125,27.04810212158799
2793870,international-shipping,2021-12-01 00:00:00,2026-02-28 23:59:59,259.39846933921797,4999.528507448397,5.1884586507059804
2796132,international-shipping,2022-05-01 00:00:00,2026-02-28 23:59:59,22527.83969468295,93710.11856414228,24.039922304935722
2796306,international-shipping,2022-04-01 00:00:00,2026-02-28 23:59:59,145.87698007081636,6715.330830987185,2.1722977429150983
2797228,international-shipping,2022-10-01 00:00:00,2026-02-28 23:59:59,69.18925930524286,248.52542287918845,27.83991211187947
2797229,international-shipping,2023-10-01 00:00:00,2026-02-28 23:59:59,14.399782425106045,508.7342380956853,2.8305117577711885
2800207,international-shipping,2025-02-01 00:00:00,2026-02-28 23:59:59,128.64840705641544,952.8053911191881,13.502065401340973
2800723,international-shipping,2023-10-01 00:00:00,2026-02-28 23:59:59,2863.2006956393157,14859.994055344425,19.267845498293184
2801134,international-shipping,2023-02-01 00:00:00,2026-02-28 23:59:59,91.80182667175058,295.61606830959533,31.054410268256312
2802318,international-shipping,2022-06-01 00:00:00,2026-02-28 23:59:59,1.9614703370552884,19.33260106177001,10.145920514203713
2803200,international-shipping,2022-03-01 00:00:00,2026-02-28 23:59:59,2.0246955318412594,10.25512926178909,19.743247307328772
2805682,international-shipping,2023-02-01 00:00:00,2026-02-28 23:59:59,5.973975276008412,41.0805183950054,14.542112683599271
2805781,international-shipping,2024-07-01 00:00:00,2026-02-28 23:59:59,222.85192047889998,908.5198121890584,24.52912060794175
2806778,international-shipping,2022-11-01 00:00:00,2026-02-28 23:59:59,6.893231309993992,49.34620601907504,13.969121166740512
2807094,international-shipping,2022-04-01 00:00:00,2026-02-28 23:59:59,183.3904889572484,3391.468610562739,5.407406348567644
2808571,international-shipping,2023-03-01 00:00:00,2026-02-28 23:59:59,60.428243465116246,301.1017061712314,20.069047177949813
2816557,international-shipping,2024-06-01 00:00:00,2026-02-28 23:59:59,27.4128752087,118.26657337089999,23.17888683789756
2818361,international-shipping,2023-09-01 00:00:00,2026-02-28 23:59:59,15.790152024911352,88.34743692910408,17.87279017226321
2818599,international-shipping,2022-06-01 00:00:00,2026-02-28 23:59:59,18.17976888254633,120.51629057193928,15.08490578018111
2827819,international-shipping,2023-12-01 00:00:00,2026-02-28 23:59:59,35.0043421101436,70.38981022104252,49.729274734824195
2828424,international-shipping,2021-11-01 00:00:00,2026-02-28 23:59:59,14.722313438710987,4179.352956378476,0.35226298406412354
2836154,international-shipping,2024-05-01 00:00:00,2026-02-28 23:59:59,14.644751470221621,46.754236660140215,31.32283300158515
2856101,international-shipping,2023-01-01 00:00:00,2026-02-28 23:59:59,8.607336343225272,4.303668171612636,200
2858672,international-shipping,2025-02-01 00:00:00,2026-02-28 23:59:59,1850.0700492531062,6606.720544978053,28.00285007755314
2894566,international-shipping,2021-10-01 00:00:00,2026-02-28 23:59:59,110.9228530707594,133.41150169805937,83.1433959283384
2911631,international-shipping,2022-03-01 00:00:00,2026-02-28 23:59:59,114.43326110103041,1651.7843655933536,6.9278571395076565
2941086,international-shipping,2022-02-01 00:00:00,2026-02-28 23:59:59,11.438698076712882,32.127372466996846,35.60421285140387
3056044,international-shipping,2022-09-01 00:00:00,2026-02-28 23:59:59,346.028117483627,2683.119499983097,12.896485508223055
3065402,international-shipping,2025-01-01 00:00:00,2026-02-28 23:59:59,10.091002740513042,10.091002740513042,100
3073458,international-shipping,2023-05-01 00:00:00,2026-02-28 23:59:59,15.926367714520879,60.67639119080323,26.248047060740245
3114947,international-shipping,2024-09-01 00:00:00,2026-02-28 23:59:59,10.047041601767658,11.172764055829562,89.9244050224569
3151523,international-shipping,2021-12-01 00:00:00,2026-02-28 23:59:59,31.713301689436772,235.44788741835256,13.469350707355211
32440616,iron-and-steel,2022-07-01 00:00:00,2026-02-28 00:00:00,30382.102694082012,367893.7541062105,8.2583904605542
32441205,iron-and-steel,2021-01-01 00:00:00,2023-09-30 00:00:00,1281543.8965322454,13798937.82524618,9.287264808075053
32441223,iron-and-steel,2021-01-01 00:00:00,2022-06-30 00:00:00,100523.38704897213,244324.3330862484,41.14342021491842
32441224,iron-and-steel,2021-01-01 00:00:00,2022-06-30 00:00:00,2338569.5856142924,5988910.399912508,39.04833149029006
32441229,iron-and-steel,2021-01-01 00:00:00,2025-07-31 00:00:00,321194.93924090744,22739678.645285152,1.412486712108854
34016839,international-shipping,2023-01-01 00:00:00,2026-02-28 23:59:59,2.7849984098999996,120.47681030637057,2.311646866162703
34017253,international-shipping,2024-02-01 00:00:00,2026-02-28 23:59:59,4.6868850894,472.97274909939586,0.9909418879469194
34017667,international-shipping,2024-04-01 00:00:00,2026-02-28 23:59:59,11.537832804899997,657.1097082417,1.7558457378103625
34017896,international-shipping,2023-06-01 00:00:00,2026-02-28 23:59:59,0.1324101119,600.8785746388997,0.022036084741342683
38089228,iron-and-steel,2021-01-01 00:00:00,2022-06-30 00:00:00,2691072.4063160038,6957955.505342557,38.676194526534495
38887369,international-shipping,2023-07-01 00:00:00,2026-02-28 23:59:59,7236.111719259619,13471.713116166786,53.71337451193118
38890491,international-shipping,2021-09-01 00:00:00,2026-02-28 23:59:59,18.369976728771857,5867.038903339291,0.3131047370133574
38891187,international-shipping,2021-12-01 00:00:00,2026-02-28 23:59:59,134.75577810204408,1839.6547484663392,7.3250580422432865
38892981,international-shipping,2025-01-01 00:00:00,2026-02-28 23:59:59,2.320656969460492,2.1872378213960073,106.09989214521399
38893014,international-shipping,2023-09-01 00:00:00,2026-02-28 23:59:59,25576.221817967667,211101.0676993749,12.115628829689431
38893169,international-shipping,2025-06-01 00:00:00,2026-02-28 23:59:59,2513.6288817092777,4399.556667097472,57.1336857758352
38893404,international-shipping,2023-08-01 00:00:00,2026-02-28 23:59:59,0.5528074639394731,311.53715776437105,0.17744511374068103
38893507,international-shipping,2021-12-01 00:00:00,2026-02-28 23:59:59,569.8395132168895,38418.33655118382,1.4832487930801117
38893528,international-shipping,2021-12-01 00:00:00,2026-02-28 23:59:59,2.9423433330844806,78.22788468002604,3.7612461913286923
38893660,international-shipping,2021-12-01 00:00:00,2026-02-28 23:59:59,166.07068758833918,2501.8692908617845,6.637864263929435
38893759,international-shipping,2023-02-01 00:00:00,2026-02-28 23:59:59,12161.599471454138,140526.91275970836,8.654284956967397
38893770,international-shipping,2024-01-01 00:00:00,2026-02-28 23:59:59,70.47924926259799,192.21621310155638,36.66665164470838
38893791,international-shipping,2024-02-01 00:00:00,2026-02-28 23:59:59,21293.50083648861,59845.73332263141,35.58064987138558
38894071,international-shipping,2023-08-01 00:00:00,2026-02-28 23:59:59,22.70044225040993,49.66274264315288,45.70919977884004
38894156,international-shipping,2022-11-01 00:00:00,2026-02-28 23:59:59,68.76708164385558,240.7402236682773,28.564849112465584
38894750,international-shipping,2023-12-01 00:00:00,2026-02-28 23:59:59,553.2277221007273,1348.8231866988563,41.015585108283226
38894811,international-shipping,2023-01-01 00:00:00,2026-02-28 23:59:59,26.335137805789408,98.61883156055043,26.703964536043042
38895006,international-shipping,2024-06-01 00:00:00,2026-02-28 23:59:59,8.266086171600001,42.1377337085,19.616826639949483
38895215,international-shipping,2022-10-01 00:00:00,2026-02-28 23:59:59,58.61264974701917,2005.2114904901248,2.9230158526915653
38895268,international-shipping,2024-08-01 00:00:00,2026-02-28 23:59:59,28836.02275030453,189435.42815994285,15.222085451702252
38895362,international-shipping,2023-11-01 00:00:00,2026-02-28 23:59:59,115.45071555906905,545.8405482033035,21.150996557344133
38897028,domestic-shipping,2023-12-01 00:00:00,2026-02-28 23:59:59,617.2476119160418,1494.7932130949382,41.29317731099698
38904343,domestic-shipping,2022-03-01 00:00:00,2026-02-28 23:59:59,66.7117122900745,3256.6852263467513,2.048454414641406
38904405,domestic-shipping,2021-12-01 00:00:00,2026-02-28 23:59:59,7.9131241891722786,29297.07179384055,0.027009949133673977
38904418,domestic-shipping,2021-04-01 00:00:00,2026-02-28 23:59:59,49.13778045824146,1257.381020944773,3.9079467273428574
38904491,domestic-shipping,2021-12-01 00:00:00,2026-02-28 23:59:59,106.48415036374641,254.36441145335792,41.86283362335541
38904539,domestic-shipping,2023-03-01 00:00:00,2026-02-28 23:59:59,5386.799447849577,20560.94853154589,26.199177725603526
38904548,domestic-shipping,2024-01-01 00:00:00,2026-02-28 23:59:59,47.98597928944509,78.40448082943038,61.20310826856822
38904568,domestic-shipping,2024-11-01 00:00:00,2026-02-28 23:59:59,112.01083220434374,225.70192786413241,49.62776936126651
38904851,domestic-shipping,2022-11-01 00:00:00,2026-02-28 23:59:59,12759.645687386394,9714.04401256924,131.3525620315944
38905037,domestic-shipping,2021-12-01 00:00:00,2026-02-28 23:59:59,2.7703189769941408,19.310106751825383,14.346471578839212
38905114,domestic-shipping,2021-12-01 00:00:00,2026-02-28 23:59:59,6.697401741220494,846.883257393972,0.7908293950490567
42741251,iron-and-steel,2024-07-01 00:00:00,2026-02-28 00:00:00,4117001.733157113,7164062.098127556,57.46742109107567
42741747,iron-and-steel,2022-07-01 00:00:00,2026-02-28 00:00:00,30701.029517687213,414000.9444087256,7.415690696438941
42741765,iron-and-steel,2021-01-01 00:00:00,2025-07-31 00:00:00,50250.17692307692,2989719.0066933124,1.6807658783510426
42741776,iron-and-steel,2024-07-01 00:00:00,2026-02-28 00:00:00,4527015.223413236,8931901.475365758,50.683667256057106
42741789,iron-and-steel,2023-07-01 00:00:00,2026-02-28 00:00:00,132377.31645236484,1026717.1376951393,12.89326062575877
42741813,iron-and-steel,2024-07-01 00:00:00,2026-02-28 00:00:00,686909.0510695758,1136787.4605010967,60.42545989791142
42741847,iron-and-steel,2024-07-01 00:00:00,2026-02-28 00:00:00,1194129.4368637332,2354100.288881495,50.72551252398429
45120470,domestic-shipping,2021-09-01 00:00:00,2026-02-28 23:59:59,41.893366428003695,27408.672004634,0.1528471223301908
45120496,domestic-shipping,2022-10-01 00:00:00,2026-02-28 23:59:59,4184.0304907365435,29115.574704825394,14.370420412972697
45120502,domestic-shipping,2022-11-01 00:00:00,2026-02-28 23:59:59,66.82430567450864,198.76500962175635,33.61975319583322
45120542,domestic-shipping,2022-06-01 00:00:00,2026-02-28 23:59:59,0.0781947252228974,5.477780662182082,1.4274891611258569
45120548,domestic-shipping,2022-02-01 00:00:00,2026-02-28 23:59:59,372.86633946603763,8347.63896015354,4.466728152066359
45120565,domestic-shipping,2023-11-01 00:00:00,2026-02-28 23:59:59,17771.297698336166,22989.42557457492,77.30205193987219
45120576,domestic-shipping,2023-06-01 00:00:00,2026-02-28 23:59:59,2727.736445834433,6400.0401717109735,42.62061444381849
45120579,domestic-shipping,2023-05-01 00:00:00,2026-02-28 23:59:59,16.162308731880714,790.7939598078472,2.0438078125695283
45120585,domestic-shipping,2023-05-01 00:00:00,2026-02-28 23:59:59,1.2289933431118698,3.449585220062347,35.62727878019078
45120587,domestic-shipping,2023-05-01 00:00:00,2026-02-28 23:59:59,20.82870375881318,370.5020864518589,5.621750732440087
45120598,domestic-shipping,2023-10-01 00:00:00,2026-02-28 23:59:59,1154.4061469235287,13086.657931332458,8.821244912038358
45120603,domestic-shipping,2023-12-01 00:00:00,2026-02-28 23:59:59,26.02626134635647,56.12777264594631,46.36966713525225
45120616,domestic-shipping,2024-08-01 00:00:00,2026-02-28 23:59:59,2.6626618830510527,13.23351054187785,20.120601216321077
45120617,domestic-shipping,2024-11-01 00:00:00,2026-02-28 23:59:59,73.4008566620294,538.2252258051227,13.637572737738223
45120622,domestic-shipping,2024-05-01 00:00:00,2026-02-28 23:59:59,15836.846263188609,42740.65747680092,37.0533520027965
45120630,domestic-shipping,2024-08-01 00:00:00,2026-02-28 23:59:59,1641.8603545422786,31592.311175520077,5.19702514140373
45120635,domestic-shipping,2024-11-01 00:00:00,2026-02-28 23:59:59,82.29890836615624,122.36957288410528,67.25438883741184
45129066,international-shipping,2021-03-01 00:00:00,2026-02-28 23:59:59,2146.214440789353,107542.82730925112,1.99568348209563
45129089,international-shipping,2021-08-01 00:00:00,2026-02-28 23:59:59,0.8227768949833262,732.2565388993767,0.1123618364979037
45129103,international-shipping,2021-12-01 00:00:00,2026-02-28 23:59:59,0.5690875634722943,4.3189836999146625,13.176423043308516
45129155,international-shipping,2021-04-01 00:00:00,2026-02-28 23:59:59,16.340634338289945,5673.880569769591,0.2879975025444273
45129177,international-shipping,2021-11-01 00:00:00,2026-02-28 23:59:59,618.9270292857753,20520.472760487115,3.016144104036145
45129184,international-shipping,2022-10-01 00:00:00,2026-02-28 23:59:59,369.90050883774717,3225.579935394922,11.46772103765764
45129196,international-shipping,2022-12-01 00:00:00,2026-02-28 23:59:59,2.2527751928959066,15.058169668135033,14.96048485668919
45129204,international-shipping,2022-06-01 00:00:00,2026-02-28 23:59:59,1403.9489367348142,5334.4609580873475,26.318478057400483
45129206,international-shipping,2022-11-01 00:00:00,2026-02-28 23:59:59,147.0626208907924,152.18620990724298,96.63334212766493
45129224,international-shipping,2022-10-01 00:00:00,2026-02-28 23:59:59,1.8312959158036375,26.423050974789405,6.930675483126086
45129234,international-shipping,2022-11-01 00:00:00,2026-02-28 23:59:59,47.08580498506777,45.99330351071181,102.37534899858089
45129242,international-shipping,2022-09-01 00:00:00,2026-02-28 23:59:59,156.53830085932273,4763.006723498573,3.2865437725928848
45129282,international-shipping,2023-10-01 00:00:00,2026-02-28 23:59:59,709.7873727975821,2604.12597084033,27.25626105439667
45129289,international-shipping,2023-02-01 00:00:00,2026-02-28 23:59:59,98.18637207869904,1178.3255454985542,8.332703339394717
45129290,international-shipping,2023-05-01 00:00:00,2026-02-28 23:59:59,105.68198630262631,364.6477938644518,28.981934919345985
45129291,international-shipping,2023-11-01 00:00:00,2026-02-28 23:59:59,44792.40266977883,116533.72624396363,38.43728688122941
45129305,international-shipping,2023-11-01 00:00:00,2026-02-28 23:59:59,10628.741255513092,35320.22367555866,30.09250834067652
45129312,international-shipping,2023-05-01 00:00:00,2026-02-28 23:59:59,47.52674177001678,1469.5686165913146,3.2340607463607745
45129322,international-shipping,2023-07-01 00:00:00,2026-02-28 23:59:59,91.96953034212343,59.42300008976137,154.77093078975972
45129349,international-shipping,2023-10-01 00:00:00,2026-02-28 23:59:59,1946.6051935279017,10138.322704101727,19.20046589896326
45129354,international-shipping,2023-05-01 00:00:00,2026-02-28 23:59:59,104.44570831081364,149.15889421107784,70.02311787254897
45129358,international-shipping,2023-06-01 00:00:00,2026-02-28 23:59:59,172.5564494794933,1623.8350261056794,10.626476625111504
45129370,international-shipping,2024-09-01 00:00:00,2026-02-28 23:59:59,3.7646111047178943,145.61267143032364,2.5853595485467613
45129372,international-shipping,2024-09-01 00:00:00,2026-02-28 23:59:59,15.77954046230295,18.38089890942353,85.84749059368956
45129373,international-shipping,2024-09-01 00:00:00,2026-02-28 23:59:59,45.631397766599996,551.0073065947,8.281450576147208
45129374,international-shipping,2024-08-01 00:00:00,2026-02-28 23:59:59,28512.9698592782,86479.00178070395,32.97097477094179
45129389,international-shipping,2024-06-01 00:00:00,2026-02-28 23:59:59,1789.8843154634349,7791.18647065507,22.973193135665568
45129400,international-shipping,2024-11-01 00:00:00,2026-02-28 23:59:59,1.6980389821479205,9.660637145401177,17.5768839734991
45129422,international-shipping,2024-08-01 00:00:00,2026-02-28 23:59:59,37.75960685562165,56.40350243076529,66.94550024082488
45129461,international-shipping,2025-06-01 00:00:00,2026-02-28 23:59:59,1.7327975331971175,6.578516920638125,26.340245895864225
48306352,iron-and-steel,2025-07-01 00:00:00,2026-02-28 00:00:00,131786.2848825792,187192.80195709874,70.40136346310061
48306423,iron-and-steel,2025-07-01 00:00:00,2026-02-28 00:00:00,14125.800990070988,20065.038670834263,70.40006860591645
48306440,iron-and-steel,2025-07-01 00:00:00,2026-02-28 00:00:00,57988.61145720076,83482.28118906384,69.46217883753427
48306442,iron-and-steel,2025-07-01 00:00:00,2026-02-28 00:00:00,208438.26028324987,282831.8957111497,73.69687204448947
49674006,international-shipping,2025-11-01 00:00:00,2026-02-28 23:59:59,387.10971466908506,155.05534102909004,249.65906501502528
49682827,domestic-shipping,2025-11-01 00:00:00,2026-02-28 23:59:59,189.77394404769288,26.308835609291187,721.3315969813299
50970853,domestic-shipping,2025-12-01 00:00:00,2026-02-28 23:59:59,4754.90908926446,479.042954638497,992.5851206501272
50980671,iron-and-steel,2025-10-01 00:00:00,2026-02-28 00:00:00,67770.25352426493,39700.130128223434,170.7053687365272
50980773,iron-and-steel,2025-07-01 00:00:00,2026-02-28 00:00:00,2481407.860514879,3367046.377513686,73.69687204448947
52203405,iron-and-steel,2021-01-01 00:00:00,2023-06-30 00:00:00,1584756.0801217323,9174835.573627908,17.27285538148439
52203406,iron-and-steel,2021-01-01 00:00:00,2023-06-30 00:00:00,1981366.1205221978,9243343.279201236,21.435600309041185
52203412,iron-and-steel,2021-01-01 00:00:00,2022-10-31 00:00:00,79039.96671020942,291863.09680973494,27.081178667043147
52937411,international-shipping,2026-01-01 00:00:00,2026-02-28 23:59:59,250.5661926106,250.5661926106,100
52938120,international-shipping,2026-01-01 00:00:00,2026-02-28 23:59:59,34.592940256638364,34.592940256638364,100
52941531,international-shipping,2026-01-01 00:00:00,2026-02-28 23:59:59,2.3698879870913356,2.3698879870913356,100
52944063,international-shipping,2026-01-01 00:00:00,2026-02-28 23:59:59,47.20502570507815,47.20502570507815,100
52948817,international-shipping,2026-02-01 00:00:00,2026-02-28 23:59:59,711.5337873647919,54.73336825883015,1300
52952482,international-shipping,2026-02-01 00:00:00,2026-02-28 23:59:59,352.85329159144885,27.142560891649918,1299.9999999999998
52953023,international-shipping,2026-02-01 00:00:00,2026-02-28 23:59:59,1052.9375692835074,80.99519763719287,1300.0000000000002
52955804,domestic-shipping,2026-01-01 00:00:00,2026-02-28 23:59:59,7.201047707466924,7.201047707466924,100
52957569,domestic-shipping,2026-01-01 00:00:00,2026-02-28 23:59:59,1.7653961624684529,1.7653961624684529,100
52959064,domestic-shipping,2026-01-01 00:00:00,2026-02-28 23:59:59,698.971738122829,127.19571690314376,549.5245871015278
52959325,domestic-shipping,2026-01-01 00:00:00,2026-02-28 23:59:59,58.24978148816589,58.24978148816589,100
52961820,domestic-shipping,2026-01-01 00:00:00,2026-02-28 23:59:59,0.10967100951609153,0.10967100951609153,100
52968746,domestic-shipping,2026-02-01 00:00:00,2026-02-28 23:59:59,36.143964005481784,2.7803049234985995,1299.9999999999998
52970656,domestic-shipping,2026-02-01 00:00:00,2026-02-28 23:59:59,142.51591997513356,10.962763075010272,1300
52971206,domestic-shipping,2026-02-01 00:00:00,2026-02-28 23:59:59,92.16945862095284,7.089958355457913,1299.9999999999998